Butter,/en/butter,01001Ghee,/en/ghee,01003Blue cheese,/en/blue_cheese,01004Cheese,/en/cheese,01009Caerphilly cheese,/en/caerphilly_cheese,01009Curd,/en/curd,01012Cottage cheese,/en/cottage_cheese,01016Cream cheese,/en/cream_cheese,01017Mozzarella,/en/mozzarella,01026Parmigiano-Reggiano,/en/parmigiano_reggiano,01033Pecorino Romano,/en/pecorino_romano,01038Cream,/en/cream,01049Whipped cream,/en/whipped_cream,01054Eggnog,/en/eggnog,01057Milk,/en/milk,01077Buttermilk,/en/buttermilk,01088Condensed milk,/en/condensed_milk,01095Yogurt,/en/yoghurt,01116Egg white,/en/egg_white,01124Yolk,/en/egg_yolk,01125Boiled egg,/en/boiled_eggs,01129Century egg,/en/century_egg,01138Oaxaca cheese,/en/oaxaca_cheese,01166Allspice,/en/allspice,02001Star Anise,/en/star_anise,02002Ringwood,/en/aniseed_myrtle,02002Bay leaf,/en/bay_leaf,02004Curry tree,/en/curry_tree,02004Caraway,/en/caraway,02005Ajwain,/en/ajwain,02005Cardamom,/en/cardamom,02006Celery salt,/en/celery_salt,02007Chervil,/en/chervil,02008Chili powder,/en/chili_powder,02009Cinnamon,/en/cinnamon,02010Saigon Cinnamon,/en/saigon_cinnamon,02010Clove,/en/clove,02011Cumin,/en/cumin,02014Black Cumin,/en/bunium_persicum,02014Curry powder,/en/curry_powder,02015Gulai,/en/curry,02015Fennel Flower,/en/nigella_sativa,02018Fenugreek,/en/fenugreek,02019Panch phoron,/en/panch_phoron,02019Garlic salt,/en/garlic_salt,02020Marjoram,/en/marjoram,02023Mustard seed,/en/mustard_seed,02024Nutmeg,/en/nutmeg,02025Oregano,/en/oregano,02027Mexican mint,/en/plectranthus_amboinicus,02027Paprika,/en/paprika,02028Black pepper,/en/black_pepper,02030Grains of Paradise,/en/aframomum_melegueta,02030Grains of Selim,/en/grains_of_selim,02030Lemon pepper,/en/lemon_pepper,02030Long pepper,/en/long_pepper,02030Cayenne pepper,/en/cayenne_pepper,02031Sichuan pepper,/en/sichuan_pepper,02031Poppy seed,/en/poppy_seed,02033Poppy,/en/poppy,02033Pumpkin pie spice,/en/pumpkin_pie_spice,02035Saffron,/en/saffron,02037Salvia officinalis,/en/common_sage,02038Savory,/en/savory,02039Summer savory,/en/summer_savory,02039Winter savory,/en/winter_savory,02039Tarragon,/en/tarragon,02041Turmeric,/en/turmeric,02043Basil,/en/basil,02044Lemon basil,/en/lemon_basil,02044Thai basil,/en/thai_basil,02044Dill,/en/dill,02045Mustard,/en/culinary_mustard,02046Table salt,/en/edible_salt,02047Thyme,/en/thyme,02049Vanilla extract,/en/vanilla_extract,02050Vinegar,/en/vinegar,02053Caper,/en/caper,02054Horseradish,/en/horseradish,02055Rosemary,/en/rosemary,02063Peppermint,/en/peppermint,02064Mentha,/en/mentha,02064Mint leaf,/m/05n4tnv,02064Spearmint,/en/spearmint,02065Apple Mint,/en/apple_mint,02065Lemon Beebalm,/en/lemon_mint,02065Balsamic vinegar,/en/balsamic_vinegar,02069null,/m/012fvyrh,03667Lard,/en/lard,04002Thousand Island dressing,/en/thousand_island_dressing,04017Peanut oil,/en/peanut_oil,04042Olive oil,/en/olive_oil,04053Sesame oil,/en/sesame_oil,04058safflower oil,/en/safflower_oil,04510Grape seed extract,/en/grape_seed_extract,04517Oil,/en/oil,04518Shortening,/en/shortening,04544Copha,/en/copha,04544Crisco,/m/01012w80,04544Canola Oil,/en/canola_oil,04582Rapeseed,/en/rapeseed,04582Schmaltz,/en/schmaltz,04609Margarine,/en/margarine,04617Sunflower oil,/en/sunflower_oil,04642Chicken meat,/wikipedia/ru_id/357333,05006Quail meat,/m/0gl400z,05157Stock dove,/en/stock_pigeon,05160Foie gras,/en/foie_gras,05282Ostrich meat,/m/0gl3_vx,05654Broth,/en/broth,06013Cream of mushroom soup,/en/cream_of_mushroom_soup,06043Beef bouillon,/en/beef_bouillon,06075Tabasco pepper,/en/tabasco_pepper,06169Dashi,/en/dashi,06174Fish sauce,/en/fish_sauce,06179Bagoong terong,/en/bagoong_terong,06179Hollandaise sauce,/en/hollandaise_sauce,06264Ramen,/en/ramen,06583Hot sauce,/en/hot_sauce,06961Worcestershire sauce,/en/worcestershire_sauce,06971Blood sausage,/en/blood_sausage,07005Chorizo,/en/chorizo,07019Prosciutto,/en/prosciutto,07029Salami,/en/salami,07072Spam,/wikipedia/de_id/366167,07909Bratwurst,/en/bratwurst,07924Oatmeal,/en/oatmeal,08120Rolled oats,/en/rolled_oats,08120null,/m/012fvyrw,08122Malpighia emarginata,/en/acerola,09001Apple,/en/apple,09003Empire Apples,/en/empire_apples,09003Granny Smith,/en/granny_smith,09003Kingston Black Apple,/en/kingston_black_apple,09003McIntosh,/en/mcintosh,09003Sorb Apple,/m/05km860,09003Apple juice,/en/apple_juice,09016Apricot,/en/apricot,09021Aprium,/en/aprium,09021Avocado,/en/avocado,09037Banana,/en/banana,09040Blackberry,/biology/itis/504851,09042Dewberry,/en/dewberry,09042Olallieberry,/en/olallieberry,09042Blueberry,/en/blueberry,09050Boysenberry,/en/boysenberry,09057Breadfruit,/en/breadfruit,09059Carambola,/en/carambola,09060Cherimoya,/en/cherimoya,09062Cherry,/en/cherry,09070Cranberry,/en/cranberry,09078Carissa lanceolata,/en/carissa_lanceolata,09083Wiry ground-berry,/en/acrotriche_depressa,09084Currant,/en/ribes,09084Custard-apple,/en/custard-apple,09086Elderberry,/en/elderberry,09088Common fig,/en/common_fig,09089Fig,/en/ficus,09089Cluster Fig Tree,/en/udumbara,09089Gooseberry,/en/gooseberry,09107Ceylon Gooseberry,/en/dovyalis_hebecarpa,09107Native Gooseberry,/en/physalis_minima,09107Grapefruit,/en/grapefruit,09111Grape,/en/grape,09131Guava,/en/guava,09139Strawberry Guava,/en/strawberry_guava,09140Jackfruit,/en/jackfruit,09144Cempedak,/en/cempedak,09144Artocarpus odoratissimus,/en/marang,09144Jujube,/en/jujube,09146Indian Jujube,/en/ziziphus_mauritiana,09146Kiwifruit,/en/kiwifruit,09148Hardy kiwi,/en/hardy_kiwi,09148Kumquat,/en/kumquat,09149Lemon,/en/lemon,09151Sweet Lemon,/en/citrus_limetta,09151Lemon aspen,/en/lemon_aspen,09151Meyer lemon,/en/meyer_lemon,09151Lemon juice,/en/lemon_juice,09152Lemon peel,/m/05n1hk8,09156Lime,/wikipedia/fr_id/209996,09159Humpty Doo Lime,/en/citrus_gracilis,09159Desert Lime,/en/desert_lime,09159Finger Lime,/en/finger_lime,09159Kaffir lime,/en/kaffir_lime,09159Key lime,/en/key_lime,09159Persian lime,/en/persian_lime,09159Lime Juice,/en/lime_juice,09160Lychee,/en/lychee,09164Ackee,/en/ackee,09164Loganberry,/en/loganberry,09167Longan,/en/longan,09172Loquat,/en/loquat,09174Mango,/en/mango,09176Purple mangosteen,/en/mangosteen,09177Mundu,/biology/itis/506128,09177Cantaloupe,/en/cantaloupe,09181Galia melon,/en/galia,09181Honeydew,/en/honeydew,09184Melon,/en/melon,09184Muskmelon,/en/muskmelon,09184Pepino,/en/solanum_muricatum,09184Fruit,/en/fruit,09187Sliced fruit,/en/sliced_fruit,09187Morus,/en/mulberry,09190Red Mulberry,/en/red_mulberry,09190White mulberry,/en/white_mulberry,09190Nectarine,/en/nectarine,09191Olive,/en/olive,09193Orange,/biology/itis/28889,09200Bitter orange,/en/bitter_orange,09200Blood orange,/en/blood_orange,09200Valencia orange,/en/valencia_orange,09201Naranjilla,/en/naranjilla,09205Orangelo,/en/orangelo,09205Orange juice,/en/orange_juice,09206Tangerine,/en/tangerine,09218Citropsis articulata,/en/african_cherry_orange,09218Mandarin orange,/en/mandarin_orange,09218Tangelo,/en/tangelo,09218Papaya,/en/papaya,09226Babaco,/en/babaco,09226Papaya Juice,/m/05n1hyx,09229Passion fruit,/en/passiflora_edulis,09231Purple Passionflower,/en/passiflora_incarnata,09231Passion Flower,/en/passion_flower,09231Sweet granadilla,/en/sweet_granadilla,09231Passion Fruit Juice,/m/05n7n62,09233Peach,/en/peach,09236Peach Palm,/en/bactris_gasipaes,09236Peacotum,/en/peacotum,09236Peach pur_e,/en/peach_puree,09251Pear,/en/pear,09252Shipova,/en/shipova,09252Persimmon,/en/persimmon,09265Black Sapote,/en/black_sapote,09265Nanche,/en/nance,09265Ananas,/en/ananas,09266Pineapple Juice,/m/05n1hzb,09273Cooking plantain,/en/plantain,09277Plum,/en/plum,09279Damson,/en/damson,09279Davidsonia,/en/davidsonia,09279Greengage,/en/greengage,09279Emu Apple,/en/owenia_acidula,09279Burdekin Plum,/en/pleiogynium_timorense,09279Pluot,/en/pluot,09279Yellow Plum,/en/ximenia_americana,09279Pomegranate,/en/pomegranate,09286Eastern Prickly Pear,/en/eastern_prickly_pear,09287Pomelo,/en/pomelo,09295Quince,/en/quince,09296Golden Apple,/m/04dzcm9,09296Raisin,/en/raisin,09299Australian desert raisin,/en/australian_desert_raisin,09299Rambutan,/en/rambutan,09301Pulasan,/en/pulasan,09301Raspberry,/en/raspberry,09302Native raspberry,/en/rubus_parvifolius,09302Wine Raspberry,/en/rubus_phoenicolasius,09302West Indian Raspberry,/en/rubus_rosifolius,09302Strawberry tree,/en/strawberry_tree,09302Tayberry,/en/tayberry,09302thimbleberry,/en/thimbleberry,09302Rhubarb,/en/rhubarb,09307Sapodilla,/en/sapodilla,09313Soursop,/en/soursop,09315Strawberries,/en/strawberry,09316Strawberry,/en/garden_strawberry,09316Mock strawberry,/en/mock_strawberry,09316Sugar-apple,/en/sugar-apple,09321Tamarind,/en/tamarind,09322Watermelon,/en/watermelon,09326Feijoa,/en/feijoa,09334Grapefruit juice,/en/grapefruit_juice,09404Date palm,/en/date_palm,09421Durian,/en/durian,09422Candied fruit,/en/candied_fruit,09426Pineapple,/en/pineapple,09429Clementine,/en/clementine,09433Guava juice,/en/guava_juice,09435Pomegranate juice,/en/pomegranate_juice,09442Black Pig,/en/black_pig,10001Suckling pig,/en/sucking_pig,10001Pork belly,/en/pork_belly,10005Pork,/en/pork,10006Pork chop,/en/pork_chop,10036Bacon,/en/bacon,10123Guanciale,/en/guanciale,10123Pancetta,/en/pancetta,10123Back bacon,/en/back_bacon,10130Pork loin,/en/pork_loin,10218Ham,/en/ham,10905Jinhua Pork,/en/jinhua_pork,10936Alfalfa sprouts,/en/alfalfa_sprouts,11001Amaranth,/en/amaranth,11003Broadleaf arrowhead,/en/broadleaf_arrowhead,11005Artichoke,/en/globe_artichoke,11007Artichoke Hearts,/en/artichoke_hearts,11007Asparagus,/en/asparagus,11011Pyrenees star of Bethlehem,/en/ornithogalum_pyrenaicum,11011Momordica charantia,/en/bitter_melon,11024Bamboo shoot,/wikipedia/es_id/1068657,11026Vigna aconitifolia,/en/moth_bean,11043Green bean,/en/green_bean,11052Beta vulgaris,/en/beet,11080Beet Greens,/en/beet_greens,11086Sea beet,/en/sea_beet,11086Broccoli,/en/broccoli,11090Rapini,/en/rapini,11096Brussels sprout,/en/brussels_sprout,11098Greater Burdock,/en/greater_burdock,11104Cabbage,/en/cabbage,11109Chinese cabbage,/en/chinese_cabbage,11119Cardoon,/en/cardoon,11122Carrot,/en/carrot,11124Cassava,/en/cassava,11134Cauliflower,/en/cauliflower,11135Celeriac,/en/celeriac,11141Celery,/en/celery,11143Celtuce,/en/celtuce,11145Chard,/en/chard,11147Chayote,/en/chayote,11149Chicory,/en/chicory,11152Chives,/en/chives,11156Allium tuberosum,/en/garlic_chives,11156Ramsons,/en/ramsons,11156Collard greens,/en/collard_greens,11161Coriander,/en/coriander,11165Culantro,/en/eryngium_foetidum,11165Vietnamese coriander,/wikipedia/bg_id/110375,11165Sweet corn,/en/sweetcorn,11167Black-eyed pea,/en/black-eyed_pea,11191Vigna unguiculata subsp. sesquipedalis,/en/yardlong_bean,11199Garden cress,/en/garden_cress,11203Land Cress,/en/barbarea_verna,11203Cucumber,/en/cucumber,11205West Indian gherkin,/en/cucumis_anguria,11205Dandelion,/en/dandelion,11207Crithmum,/en/rock_samphire,11207Sheep's sorrel,/en/rumex_acetosella,11207Sorrel,/en/sorrel,11207Stitchwort,/en/stellaria,11207Eggplant,/en/aubergine,11209Endive,/en/endive,11213Garlic,/en/garlic,11215Elephant garlic,/en/elephant_garlic,11215Garlic scape,/en/garlic_scape,11215Ginger,/en/ginger,11216Greater Galangal,/en/alpinia_galanga,11216Fingerroot,/en/boesenbergia_rotunda,11216Wild ginger,/en/wild_ginger,11216Curcuma zedoaria,/en/zedoary,11216Calabash,/en/calabash,11218Tinda,/en/tinda,11218Snake gourd,/en/trichosanthes_cucumerina,11218Winter melon,/en/winter_melon,11218Luffa,/en/luffa,11220Kale,/en/kale,11233Kai-lan,/en/kai-lan,11233Kohlrabi,/en/kohlrabi,11241Leek,/en/leek,11246Kurrat,/en/kurrat,11246Romaine lettuce,/en/romaine_lettuce,11251Iceburg Lettuce,/en/iceburg_lettuce,11252Lettuce,/en/lettuce,11253Sacred Lotus,/en/nelumbo_nucifera,11254Red Leaf Lettuce,/en/red_leaf_lettuce,11257Elephant Foot Yam,/en/amorphophallus_paeoniifolius,11258Edible mushroom,/en/edible_mushroom,11260Jumbo Mushroom,/en/jumbo_mushroom,11260Porcini Mushroom,/en/porcini_mushroom,11266Shiitake,/en/shiitake,11268Mustard Greens,/en/brassica_juncea,11270Mizuna,/wikipedia/ja_id/398986,11270Mustard plant,/en/mustard_plant,11270Komatsuna,/en/komatsuna,11274Tatsoi,/en/tatsoi,11274Tetragonia,/en/tetragonia,11276Okra,/en/abelmoschus_esculentus,11278Onion,/en/onion,11282Scallion,/en/scallion,11291Ramp,/en/wild_leek,11291Allium anceps,/en/twinleaf_onion,11292Welsh onion,/en/welsh_onion,11293Fried onion,/en/fried_onion,11295Parsley,/en/parsley,11297Cow Parsley,/en/cow_parsley,11297Persillade,/en/persillade,11297Parsnip,/en/parsnip,11298Pea,/en/pea,11304Bell pepper,/en/bell_pepper,11333Jerusalem artichoke,/en/jerusalem_artichoke,11352Potato,/en/potato,11362Pumpkin,/en/pumpkin,11422Common Purslane,/en/common_purslane,11427Radish,/en/radish,11429Daikon,/en/daikon,11430Rutabaga,/en/rutabaga,11435Purple Salsify,/en/purple_salsify,11437Black Salsify,/en/black_salsify,11437Sauerkraut,/en/sauerkraut,11439Ogonori,/en/ogonori,11444Seaweed,/en/seaweed,11445Kombu,/en/kombu,11445Sea lettuce,/en/sea_lettuce,11445Laver,/en/laver,11446Aonori,/en/aonori,11446Cladosiphon okamuranus,/en/cladosiphon_okamuranus,11446Dulse,/en/dulse,11446Nori,/en/nori,11446Soybean,/en/soybean,11450Spinach,/en/spinach,11457Saltbush,/en/atriplex,11457Waterleaf,/en/talinum_fruticosum,11457Zucchini,/en/zucchini,11477Acorn squash,/en/acorn_squash,11482Butternut squash,/en/butternut_squash,11485Water spinach,/en/ipomoea_aquatica,11503Sweet potato,/en/sweet_potato,11507Skirret,/en/sium_sisarum,11507Taro,/en/taro,11518Arracacia xanthorrhiza,/en/arracacha,11518Turnip,/en/turnip,11564Turnip greens,/en/turnip_greens,11568Watercress,/en/watercress,11591Purple yam,/en/ube,11601JÕcama,/en/jicama,11603Chipotle,/en/chipotle,11632Summer squash,/en/summer_squash,11641Figleaf Gourd,/en/cucurbita_ficifolia,11641Pattypan squash,/en/pattypan_squash,11641Winter squash,/en/winter_squash,11643Wakame,/en/wakame,11669Caulerpa,/en/caulerpa,11669Hijiki,/en/hijiki,11669Shallot,/en/shallot,11677Tomato,/en/tomato,11695Chrysanths,/en/chrysanthemum,11698Chili pepper,/en/chili_pepper,11819Habanero chili,/en/habanero_chile,11819Malagueta pepper,/en/malagueta_pepper,11819Sambal,/en/sambal,11820Capsicum,/en/capsicum,11821Tomato juice,/en/tomato_juice,11886Maize,/en/maize,11900Mashed potato,/en/mashed_potato,11934Ketchup,/en/ketchup,11935Radicchio,/en/radicchio,11952Tomatillo,/en/tomatillo,11954Peruvian groundcherry,/en/physalis_peruviana,11954Fennel,/en/fennel,11957Arugula,/en/arugula,11959Nopal,/en/nopal,11963Broccoflower,/en/broccoflower,11965Lemongrass,/en/cymbopogon,11972Serrano pepper,/en/serrano_pepper,11977Jalape_o,/en/jalapeno,11979Pasilla,/en/pasilla,11982Epazote,/en/epazote,11984Malabar spinach,/en/basella_alba,11986Lingzhi mushroom,/en/lingzhi,11988Truffle,/en/truffle,11988Wasabi,/en/wasabi,11990Kinoko Mushroom,/en/kinoko_mushroom,11993Matsutake,/en/matsutake,11993Hen-of-the-wood,/en/hen_of_the_woods,11993Fiddlehead fern,/en/fiddlehead,11995Chia,/en/salvia_hispanica,12006Safflower,/en/safflower,12021Sesame,/en/sesame,12023Sunflower seed,/en/sunflower_seed,12036Almond,/en/almond,12061Brazil nut,/en/brazil_nut,12078Cashew,/en/cashew,12087Pignut,/en/conopodium_majus,12093Creme de Marrons,/en/creme_de_marrons,12095Chestnut,/en/chestnut,12097Coconut,/en/coconut,12104Coconut cream,/en/coconut_cream,12115Coconut milk,/en/coconut_milk,12117Maidenhair Tree,/en/ginkgo,12127Candlenut,/en/candlenut,12131Pecan,/en/pecan,12142Canarium ovatum,/en/pili_nut,12145Pistachio,/en/pistachio,12151Walnut,/en/walnut,12154Tahini,/en/tahini,12198Flax,/en/flax,12220Pumpkin seed,/en/pepitas,12516Mishima cattle,/en/mishima_beef,13001Oxtail,/en/oxtail,13019Short ribs,/en/short_ribs,13147Sweetbread,/en/sweetbread,13337Beef tongue,/en/beef_tongue,13339Corned beef,/en/corned_beef,13346Beef Cheek,/en/beef_cheek,13369Ground beef,/en/ground_beef,13498Beef,/en/beef,13795Beef tenderloin,/en/beef_tenderloin,13917Sirloin steak,/en/sirloin_steak,13929Beer,/en/beer,14003Guinness,/en/guinness,14003Stout,/en/stout,14003Sour mix,/en/sour_mix,14028Crème de menthe,/en/creme_de_menthe,14034Absinthe,/en/absinthe,14037Akvavit,/en/akvavit,14037Angostura bitters,/en/angostura_bitters,14037Bacardi 151,/en/bacardi_151,14037Bitters,/en/bitters,14037Brandy,/en/brandy,14037Cachaça,/en/cachaca,14037Campari,/en/campari,14037Cognac,/wikipedia/ja_id/166356,14037Fernet,/en/fernet_branca,14037Herbsaint,/en/herbsaint,14037Light rum,/en/light_rum,14037Malibu Rum,/en/malibu_rum,14037Mezcal,/en/mezcal,14037Ouzo,/en/ouzo,14037Pimm's,/en/pimms,14037Pisco,/en/pisco,14037Schlichte,/en/schlichte,14037Scotch whisky,/en/scotch_whisky,14037Tequila,/en/tequila,14037WKD Original Vodka,/en/wkd_original_vodka,14037?ubrÑwka,/en/zubrowka,14037Gordon's Gin,/m/01064kvt,14037Cruzan Rum,/m/01064p15,14037Gin,/en/gin,14049Rum,/en/rum,14050Dark Rum,/en/dark_rum,14050Golden Rum,/en/golden_rum,14050Jamaican Amber Rum,/en/jamaican_amber_rum,14050White Rum,/m/05n1hyb,14050Bacardi rum,/m/0j0_b7z,14050Vodka,/en/vodka,14051Apple Vodka,/en/apple_vodka,14051Bourbon whiskey,/en/bourbon_whiskey,14052Crown Royal,/en/crown_royal,14052Rye whiskey,/en/rye_whisky,14052Sazerac Rye Whiskey,/en/sazerac_rye_whiskey,14052Seagram's Seven Crown,/en/seagrams_seven_crown,14052Tennessee whiskey,/en/tennessee_whiskey,14052Jack Daniel's,/m/0hh1g60,14052Jameson Irish Whiskey,/m/0hh1gyg,14052Port wine,/en/port_wine,14057Wine,/quotationsbook/subject/wine,14084Carpano,/en/carpano,14084Dry Vermouth,/en/vermouth_dry,14084Dubonnet,/en/dubonnet,14084Noilly Prat,/en/noilly_prat,14084Sparkling wine,/en/sparkling_wine,14084Sweet Red Vermouth,/en/sweet_red_vermouth,14084Sweet Vermouth,/m/05n2vn_,14084Vermouth,/en/vermouth,14084Red Wine,/en/red_wine,14096White Wine,/en/white_wine,14106Champagne,/en/champagne,14106Dry White Wine,/en/dry_white_wine,14106Liebfraumilch,/en/liebfraumilch,14106La Casera,/en/la_casera,14121Cream soda,/en/cream_soda,14130Ginger ale,/en/ginger_ale,14136Ginger beer,/en/ginger_beer,14136Lemon-lime,/en/lemon-lime,141447 Up,/m/01010jlv,14144Carbonated orange drink,/en/carbonated_orange_drink,14150Burgundy wine,/en/burgundy_wine,14152Red Bull,/en/red_bull,14154Tonic water,/en/tonic_water,14155Carbonated water,/en/carbonated_water,14155Clamato,/en/clamato,14187Coffee,/en/coffee,14209Fruit punch,/m/05n990v,14268Lemonade,/en/lemonade,14288Black tea,/en/black_tea,14355Green tea,/en/green_tea,14355Tea leaf grading,/en/orange_pekoe,14355Damiana,/en/damiana,14381Jasmine,/en/jasmine,14381Jiaogulan,/en/jiaogulan,14381Lavender,/en/lavender,14381Pineapple Verbena,/en/nashia_inaguensis,14381Rooibos,/en/rooibos,14381Southernwood,/en/southernwood,14381Soft drink,/en/soft_drink,14400Coca-Cola,/en/coca-cola,14400Fruit juice,/m/05n91f7,14405Drinking water,/en/drinking_water,14411Coffee liqueur,/en/coffee_liqueur,14414Baileys Irish Cream,/en/baileys_irish_cream,14415Irish cream,/en/irish_cream,14415Apricot brandy,/en/apricot_brandy,14533Aromatic bitters,/m/05n9bw1,14533Blackberry Brandy,/m/05n6jkz,14533Cherry Brandy,/m/05n8_0s,14533Cyprus brandy,/en/cyprus_brandy,14533Moonshine,/en/moonshine,14533Orange bitters,/en/orange_bitters,14533Peach bitters,/en/peach_bitters,14533Peach Brandy,/en/peach_brandy,14533Peychaud's Bitters,/en/peychauds_bitters,14533Picon,/m/05n92z9,14533Amaretto,/en/amaretto,14534Amaretto Almond liqueur,/en/amaretto_almond_liqueur,14534Apple Pucker,/en/apple_pucker,14534Apple Schnapps,/m/05n6k01,14534Banana liqueur,/en/banana_liqueur,14534B_n_dictine,/wikipedia/ja_id/393810,14534Blue Curacao,/en/blue_curacao,14534Chartreuse,/en/chartreuse,14534Cherry Liqueur,/en/cherry_liqueur,14534Cointreau,/en/cointreau,14534Chocolate liqueur,/en/creme_de_cacao,14534Crème de cassis,/en/creme_de_cassis,14534Crème de Noyaux,/en/creme_de_noyaux,14534Curaçao,/en/curacao_liqueur,14534Drambuie,/en/drambuie,14534Fraise de Bois liqueur,/en/fraise_de_bois_liqueur,14534Grand Marnier,/en/grand_marnier,14534Heering Cherry Liqueur,/en/heering_cherry_liqueur,14534Honey Liqueur,/en/honey_liqueur,14534Hpnotiq,/en/hpnotiq,14534Kumel,/en/kumel,14534Lichido,/en/lichido,14534Lillet,/en/lillet,14534Limoncello,/en/limoncello,14534Melon liqueur,/en/melon_liqueur,14534Midori,/en/midori_liqueur,14534Orange Liqueur,/m/05n4t8z,14534PAMA pomegranate flavoured liquor,/en/pama_pomegranate_flavoured_liquor,14534Pastis,/en/pastis,14534Peach schnapps,/en/peach_schnapps,14534Peppermint schnapps,/en/peppermint_schnapps,14534Raspberry liqueur,/en/raspberry_liqueur,14534Sambuca,/en/sambuca,14534Sloe gin,/en/sloe_gin,14534Southern Comfort,/en/southern_comfort,14534Triple sec,/en/triple_sec,14534Wolfschmidt Kummel,/en/wolfschmidt_kummel,14534Yellow Chartreuse,/m/05n9c4r,14534Chamaemelum nobile,/en/roman_chamomile,14545Anchovy (food),/wikipedia/de_id/367111,15001Bagoong monamon,/en/bagoong_monamon,15002Carp,/en/carp,15008Caviar,/en/caviar,15012Cod,/en/cod,15015Eel,/en/eel,15025Anago,/en/anago,15025Ara (fish),/en/ara_fish,15025Conger Eel,/en/conger,15025Giant Eel,/en/giant_eel,15025Hamo,/en/hamo,15025Flounder,/en/flounder,15028Sole,/wikipedia/it_id/693089,15028Haddock,/en/haddock,15033Herring,/en/herring,15039Kipper,/en/kipper,15042Bonito,/en/bonito,15050Sauries,/en/saury,15050Spanish  Mackerel,/en/spanish_mackerel,15051Pacific saury,/en/pacific_saury,15062Roe,/en/roe,15072Cod Roe,/en/cod_roe,15072Cod Soft Roe,/en/cod_soft_roe,15072Salmon Roe,/en/salmon_roe,15072Juvenile Salmon,/en/juvenile_salmon,15076Salted Salmon,/en/salted_salmon,15076null,/m/012g9kjj,15076Sardine,/en/sardine,15088Sea Bass,/en/sea_bass,15091Red seabream,/en/red_sea_bream,15097Ayu,/en/ayu,15099Red fish,/m/04hdl_b,15101Sturgeon,/en/sturgeon,15104Tilefish,/en/tilefish,15112Fatty Tuna,/en/fatty_tuna,15117Managatsuo Tuna,/en/managatsuo_tuna,15117Tuna,/en/tuna,15123King crab,/en/king_crab,15136Takaashi Crab,/en/takaashi_crab,15136Chesapeake blue crab,/en/blue_crab,15139Shanghai Crab,/en/shanghai_crab,15139Horsehair crab,/en/horsehair_crab,15143Crab,/en/crab,15144Matsuba Crab,/en/matsuba_crab,15144Crayfish,/en/crayfish,15145Lobster,/en/lobster,15147Giant Lobster,/en/giant_lobster,15147Black Tiger Shrimp,/en/black_tiger_shrimp,15149Botan Shrimp,/en/botan_shrimp,15149Taisho  Shrimp,/en/taisho_shrimp,15149Scampi Shrimp,/en/scampi_shrimp,15151Shrimp paste,/en/shrimp_paste,15152Spiny lobster,/en/spiny_lobster,15154Abalone,/en/abalone,15155Dried Abalone,/en/dried_abalone,15156Short Neck  Clams,/en/short_neck_clams,15157Hamaguri Clams,/en/hamaguri_clams,15157Pen Shell  Clams,/en/pen_shell_clams,15157Cuttlefish,/en/cuttlefish,15163Octopus,/en/octopus,15166Oyster,/en/oyster,15171Asyura Oyster,/en/asyura_oyster,15171Iwa Oyster,/en/iwa_oyster,15171Scallop,/en/scallop,15172Squid,/biology/itis/82367,15175Supreme  Squid,/en/supreme_squid,15175Salmon,/en/salmon,15236Bean,/en/bean,16006Frijoles negros,/en/frijoles_negros,16014Kidney beans,/en/kidney_beans,16027Navy Beans,/en/navy_beans,16037Broad bean,/en/vicia_faba,16052Chickpea,/en/chickpea,16056Hyacinth Bean,/en/hyacinth_bean,16067Lentil,/en/lentil,16069Lima Bean,/en/lima_bean,16071Mung bean,/en/mung_bean,16080Cellophane noodles,/en/cellophane_noodles,16082Black gram,/en/urad,16083urad dal,/en/urad_dal,16083Split pea,/en/split_pea,16085Peanut,/en/peanut,16087Peanut sauce,/en/peanut_sauce,16090Peanut butter,/en/peanut_butter,16098Pigeon pea,/en/pigeon_pea,16101Refried beans,/en/refried_beans,16103Natt?,/en/natto,16113Tempeh,/en/tempeh,16114Soy sauce,/en/soy_sauce,16124Fermented bean curd,/en/pickled_tofu,16132Winged bean,/en/winged_bean,16135Tofu,/en/tofu,16427Lamb and mutton,/wikipedia/ru_id/311535,17001Veal,/en/veal,17088Devilled kidneys,/en/devilled_kidneys,17196Ris de veau,/en/ris_de_veau,17218Bagel,/en/bagel,18001Scone,/wikipedia/fr_id/4495000,18014Biscuit,/en/biscuit,18016Brioche,/en/brioche,18027Challah,/en/challah,18027Sourdough,/en/sourdough,18029Baguette,/en/baguette,18029Damper,/en/damper,18032Focaccia,/en/focaccia,18033Pita,/en/pita,18041Pumpernickel,/en/pumpernickel,18044Bread,/en/bread,18069Stottie cake,/en/stottie_cake,18073Bread crumbs,/en/breadcrumb,18079Twinkie,/en/twinkie,18128Sponge cake,/en/sponge_cake,18134Matzo,/en/matzo,18217Crouton,/en/crouton,18242Dosa,/en/dosa,18290Pancake,/en/pancake,18293Puff pastry,/en/puff_pastry,18337Choux pastry,/en/choux_pastry,18337Pastry,/en/pastry,18337Corn tortilla,/en/tortilla,18363Baking powder,/en/baking_powder,18369Sodium bicarbonate,/en/sodium_bicarbonate,18372cream of tartar,/en/cream_of_tartar,18373Yeast,/en/yeast,18375Chapati,/en/chapati,18413Kulcha,/en/kulcha,18413Naan,/en/naan,18413Roti,/en/roti,18413English muffin,/en/english_muffin,18439Ice cream,/en/ice_cream,19095Chocolate,/en/chocolate,19120Chocolate chip,/en/chocolate_chip,19146Cocoa bean,/en/cocoa,19165Custard,/en/custard,19169Jell-O,/en/jell-o,19172Honey,/en/honey,19296Molasses,/en/molasses,19304Brown sugar,/en/brown_sugar,19334Demerara,/m/0725gl,19334Muscovado,/en/muscovado,19334Panela,/en/panela,19334Sugar,/en/sugar,19335Sugar Cube,/m/05n47my,19335Sugarcane,/en/sugarcane,19335Table sugar,/en/sucrose,19335Powdered sugar,/en/powdered_sugar,19336Corn syrup,/en/corn_syrup,19351Maple syrup,/en/maple_syrup,19353Syrup,/en/syrup,19353Golden syrup,/en/golden_syrup,19362Barley,/en/barley,20005Groat,/en/groats,20009Cornmeal,/en/cornmeal,20022Corn starch,/en/cornstarch,20027Couscous,/en/couscous,20028Fregula,/en/fregula,20028Orzo,/en/orzo,20028Hominy,/en/hominy,20030Brown rice,/en/brown_rice,20040Wehani rice,/en/wehani_rice,20040Basmati,/en/basmati,20044Jasmine rice,/en/jasmine_rice,20044Rice,/en/rice,20050Arborio rice,/en/arborio_rice,20052Carnaroli,/en/carnaroli_rice,20052Glutinous rice,/en/glutinous_rice,20054Rice flour,/en/rice_flour,20061Rye flour,/en/rye_flour,20064Semolina,/en/semolina,20066Wheat,/en/wheat,20076Graham flour,/en/graham_flour,20080All-purpose Flour,/en/all_purpose_flour,20081Wild rice,/en/wild_rice,20088Pappardelle,/en/pappardelle,20093Pici,/en/pici,20093Pizzoccheri,/en/pizzoccheri,20093Reshteh,/en/reshteh,20093Tagliatelle,/en/tagliatelle,20093Foglie d'ulivo,/en/foglie_dulivo,20095Pasta,/en/pasta,20097Macaroni,/en/macaroni,20099Cannelloni,/en/cannelloni,20099Cavatappi,/en/cellentani,20099Mostaccioli,/en/mostaccioli,20099Penne,/en/penne,20099Rigatoni,/en/rigatoni,20099Ziti,/en/ziti,20099Lamian,/en/lamian,20113Mee pok,/en/mee_pok,20113Soba,/en/soba,20114S?men,/en/somen,20116Spaghetti,/en/spaghetti,20120Alphabet pasta,/en/alphabets,20120Anellini,/en/anellini,20120Bucatini,/en/bucatini,20120Campanelle,/en/campanelle,20120Capellini,/en/capellini,20120Cavatelli,/en/cavatelli,20120Cencioni,/en/cencioni,20120Conchiglie,/en/conchiglie,20120Croxetti,/en/croxetti,20120Farfalle,/en/farfalle,20120Fettuccine,/en/fettuccine,20120Fusilli,/en/fusilli,20120Lanterne,/en/lanterne,20120Linguine,/en/linguine,20120Mafaldine,/en/mafaldine,20120Orecchiette,/en/orecchiette,20120Radiatori,/en/radiatore,20120Rotelle,/en/rotelle,20120Rotini,/en/rotini,20120Spaghettini,/m/03yw80c,20120Strozzapreti,/en/strozzapreti,20120Trenette,/en/trenette,20120Udon,/en/udon,20120Rice noodles,/en/rice_noodles,20133Shahe fen,/en/shahe_fen,20133Bành canh,/en/banh_canh,20134Spelt,/en/spelt,20140Masa,/wikipedia/ja_id/318091,20317Noodle,/en/noodle,20409Sp_tzle,/en/spatzle,20410Flour,/en/flour,20581Filet-O-Fish,/en/filet-o-fish,21232Tortellini,/en/tortellini,22901Agnolotti,/en/agnolotti,22901Tortelloni,/en/tortelloni,22901Lasagne,/en/lasagna,22916Steak,/en/steak,23005Empetrum,/en/crowberry,35015Cloudberry,/en/cloudberry,35027Riberry,/en/syzygium_luehmannii,35029Lingonberry,/en/vaccinium_vitis-idaea,35029Arctostaphylos,/en/arctostaphylos,35029Huckleberry,/en/huckleberry,35043Sea urchin,/en/sea_urchin,35070Tea,/en/tea,35078Labrador tea,/en/labrador_tea,35078Venison,/en/venison,35080Salmonberry,/en/salmonberry,35154Bilberry,/en/bilberry,35155Saskatoon,/en/saskatoon_berry,35155Bannock,/wikipedia/de_id/887984,35185Agave azul,/en/tequila_agave,35192Prairie Turnip,/en/psoralea_esculenta,35200Rose hip,/en/rose_hip,35203Chokecherry,/en/chokecherry,35204Shadbush,/en/serviceberry,35206Grenadine,/en/grenadine,42040Almond flavored syrup,/en/almond_flavored_syrup,42040Falernum,/en/falernum,42040Gomme syrup,/en/gomme_syrup,42040Green mint syrup,/en/green_mint_syrup,42040Orgeat syrup,/en/orgeat_syrup,42040Passion Fruit Syrup,/en/passion_fruit_syrup,42040Sirop de Fraise,/en/sirop_de_fraise,42040Mayonnaise,/en/mayonnaise,42178null,/m/01155nch,42184Hot dog,/en/hot_dog,42280Unsalted Butter,/m/05yr18_,42307Vermicelli,/en/vermicelli,43114Kimchi,/en/kimchi,43143Saccharin,/en/saccharin,43158Kool-Aid,/en/kool-aid,43345Cranberry juice,/en/cranberry_juice,43382Apple cider,/en/apple_cider,43388Sake,/en/sake,43479Osake Kazu,/en/osake_kazu,43479Wheat gluten,/en/wheat_gluten,48052Dried Scallop,/en/dried_scallop,90240Escargot,/en/escargots,90560Common snapping turtle,/en/snapping_turtle,93600